kind;target_hint;name;url;license_or_policy;status;note
file;type1b;Место стоянки легкового такси (Москва).jpg;https://commons.wikimedia.org/wiki/File:%D0%9C%D0%B5%D1%81%D1%82%D0%BE_%D1%81%D1%82%D0%BE%D1%8F%D0%BD%D0%BA%D0%B8_%D0%BB%D0%B5%D0%B3%D0%BA%D0%BE%D0%B2%D0%BE%D0%B3%D0%BE_%D1%82%D0%B0%D0%BA%D1%81%D0%B8_(%D0%9C%D0%BE%D1%81%D0%BA%D0%B2%D0%B0).jpg;CC BY 4.0;verified_source;Commons places it in Black on yellow license plates on a car. Still inspect plate readability and annotation manually.
category;type1b;Black on yellow license plates on a car;https://commons.wikimedia.org/wiki/Category:Black_on_yellow_license_plates_on_a_car;per-file;verified_search_source;Contains Russian and non-Russian files. Downloader checks Russia relevance and each file license.
category;type1a;Kei cars in Moscow;https://commons.wikimedia.org/wiki/Category:Kei_cars_in_Moscow;per-file;verified_search_source;Useful search pool for cars likely to use reduced mounting spaces. Plate geometry must be visually reviewed.
file;type1a;Moscow, Honda N-Box (2nd gen) black Sept 2025 06.jpg;https://commons.wikimedia.org/wiki/File:Moscow,_Honda_N-Box_(2nd_gen)_black_Sept_2025_06.jpg;CC0 1.0;verified_source;Candidate only. Vehicle category does not prove a visible type1a plate.
file;type1a;Auto Daihatsu Hijet Arzamas Sobornaya Square С418ОК152 2026-08 1787324531.jpg;https://commons.wikimedia.org/wiki/File:Auto_Daihatsu_Hijet_Arzamas_Sobornaya_Square_%D0%A1418%D0%9E%D0%9A152_2026-08_1787324531.jpg;CC BY 4.0;verified_source;Candidate only. Filename identifies a Russian plate; plate geometry/readability must be visually reviewed.
category;type1;License plates of Russia;https://commons.wikimedia.org/wiki/Category:License_plates_of_Russia;per-file;verified_search_source;Broad pool. Downloader verifies every file separately.
dataset;ocr_aux;Foximaz/russian_ocr_small;https://huggingface.co/datasets/Foximaz/russian_ocr_small;CC BY 4.0;verified_auxiliary;Cropped-plate OCR data, useful for character recognition but not a substitute for full-scene real detection images.
dataset;ocr_aux;AY000554/Car_plate_OCR_dataset;https://huggingface.co/datasets/AY000554/Car_plate_OCR_dataset;README says original CC BY 4.0;verified_auxiliary;Large cropped Russian plate OCR collection. Review provenance/redistribution details before repackaging.
dataset;detection_aux;AY000554/Car_plate_detecting_dataset;https://huggingface.co/datasets/AY000554/Car_plate_detecting_dataset;metadata/README license mismatch;hold;Repository metadata and README do not present one unambiguous license statement. Do not auto-include until clarified.
